source,product,rating,title,review_text,reviewer,date
steam,Dota 2,positive,,dota is life,76561198038474785,1775060488
steam,Dota 2,positive,,Fun and free,76561198087928673,1774813198
steam,Dota 2,positive,,its jst too good,76561198069112354,1771591557
steam,Dota 2,positive,,Don't.,76561198019967090,1770346721
steam,Dota 2,negative,,Anyone who recommends DOTA 2 to you is a troll.,76561197994095598,1769451075
steam,Dota 2,positive,,"fun ivolved game. the people you play with can often impact the experience, you need to be the difference.",76561198072667781,1769278027
steam,Dota 2,positive,,AWESOME GAME,76561198093607950,1766894914
steam,Dota 2,negative,,"Gameplay is horrible, the game is dead",76561198081814219,1766533221
steam,Dota 2,positive,,"These days I like the endless custom games that are created in the arcade more than the actual game, but it's still the best moba out there.",76561198000755832,1766429760
steam,Dota 2,negative,,"The only people who play this game anymore are people new to the game and ones who live in their parents basement. Great game, but the devs seem like they continue to push new players away from the game. If you want to play this game casually, people will ♥♥♥♥♥, if you play a lot are are good, you'll be put with people with the minds of hamsters. Overall, can't reccommend.",76561197971547144,1766380672
steam,Dota 2,negative,,full of people that don't know what team play is,76561197996481482,1766262674
steam,Dota 2,positive,,Better than HON,76561198009068284,1766191070
steam,Dota 2,positive,,Just play til  you understand.,76561198054019281,1766100153
steam,Dota 2,positive,,it's not baaahd,76561198095009480,1764522758
steam,Dota 2,positive,,Nice game,76561198070017782,1764020621
steam,Dota 2,positive,,game is great but will take over your life :),76561198074478396,1761790677
steam,Dota 2,positive,,All time favorite!,76561197991501681,1760755205
steam,Dota 2,positive,,"Always challenging, very complicated.",76561198088443345,1759798769
steam,Dota 2,positive,,Its League of Legends without the CCP spyware of Vanguard packaged with it. 11/10 do not recommend unless you want to dedicate your life to it.,76561198056847746,1759426488
steam,Dota 2,positive,,"Addictive is an understatement, I've been playing variations of DotA for over 20 years, never fails to be enjoyable and challenging.",76561198026495314,1759330637
steam,Dota 2,positive,,its DOTAAA!,76561197987930814,1758954891
steam,Dota 2,positive,,I barely scratched the surface but it seems pretty good so far.,76561198020565519,1758572241
steam,Dota 2,positive,,"Spent a couple hours playing, its pretty good",76561198090562361,1758403907
steam,Dota 2,positive,,"It's hard to play and grow comfortable with, but you can easily spend thousands of hours in this and feel like you still have more to get out of it.",76561198028231300,1757968651
steam,Dota 2,positive,,Dotes McGotes,76561198038272919,1757877174
steam,Dota 2,negative,,bad game,76561198070403531,1756852261
steam,Dota 2,positive,,good game,76561198002125913,1754307352
steam,Dota 2,positive,,"Into the depths of depravity to the highs of heaven... in between is DotA, the worst and best game in existence. Do you have the mental fortitude to fight the ghouls? do you have the courage to explore your darkest inner thoughts? do you have the tenacity to hit your head against a wall until it breaks? Then this is the game for you!",76561197996019161,1754166400
steam,Dota 2,positive,,Play the game,76561198049875801,1753999332
steam,Dota 2,positive,,Dota2 is my all time fave game,76561198094202669,1753294806
steam,Dota 2,positive,,Amaziiiiiiiing!,76561198029103866,1753048447
steam,Dota 2,negative,,too many ♥♥♥♥♥♥♥,76561198076403776,1752963503
steam,Dota 2,positive,,"this game's if one of the few thing stopping me from having a perfect relationship save you're self some time and happiest and don't install 
10/10 keeps me awake at night",76561198065528106,1750384542
steam,Dota 2,negative,,"This game is dead... full of bots.. unfair penalties.... matchmaking its terrible... and you cannot say anything to a russian troll because you get muted for life.... 

I am out...",76561197982203135,1749299426
steam,Dota 2,positive,,Pretty good game.,76561198043988086,1749235971
steam,Dota 2,positive,,love it,76561197991562658,1748376816
steam,Dota 2,positive,,It is the best game if you want a engaging fun challenging experience.,76561198082768173,1747808218
steam,Dota 2,positive,,its good,76561197976814106,1747219581
steam,Dota 2,negative,,"Communication score is a joke. Zero words, always play assigned role to my best. Communication score keeps dropping without exploiting anything and doing decent in every game. ♥♥♥♥♥♥, easily exploitable system made for lambs of modern era",76561197995910589,1747142479
steam,Dota 2,negative,,"very addictive play with caution your life my fall apart, you've been warned",76561198086265990,1744009036
steam,Dota 2,negative,,Piece of Utter Trash I do not know how anyone enjoys this. I would rather be buried alive.,76561198044343320,1743980013
steam,Dota 2,positive,,Ainda vou precisar de algumas horas a mais para poder avaliar corretamente...,76561198085150216,1743964096
steam,Dota 2,positive,,to many updates,76561198084092638,1742953803
steam,Dota 2,positive,,"A perfect game to ""come back to"". When every other game gets boring. You can allways come back for a round of Dota 2.",76561198052313386,1742219320
steam,Dota 2,negative,,помойка,76561198095193930,1741978490
steam,Dota 2,negative,,"10 social credit scores out of 10
10 new shtty maps out of 10
10 dota to league of legends conversions out of 10
10 -40% concurrent players in the past year after ""the patch"" out of 10",76561197987808356,1741812683
steam,Dota 2,positive,,This is the game that i will probably play till my time on this earth expires,76561198079561476,1741407046
steam,Dota 2,negative,,"unbalanced

Play this game only if you hate yourself otherwise play League of Legends.",76561198085966408,1740787834
steam,Dota 2,negative,,"toxic, auto losses because trolls exist",76561198039430778,1740704353
steam,Dota 2,positive,,FREE GAME,76561198021065443,1740484495
steam,Dota 2,negative,,"They try to make it more stupid and more stupid, now rivers, after that ocean.",76561198080848432,1740349705
steam,Dota 2,positive,,love it,76561198037969167,1740021563
steam,Dota 2,negative,,"I hear this game is played by nothing but nerds.

ew.",76561198084016723,1739541640
steam,Dota 2,positive,,"Really a time killer thing, very dangerous",76561198033289056,1738970527
steam,Dota 2,positive,,Good game.,76561197993911659,1738624726
steam,Dota 2,positive,,love this game!!,76561198034205870,1737947755
steam,Dota 2,negative,,"Piece of trash game, horrible Toxic community 
Noobs every day 
worthless calipration",76561198076867217,1737613460
steam,Dota 2,positive,,Heed with caution. Once you start there is no going back.,76561198079485983,1735667704
steam,Dota 2,negative,,"Not looking for a job, a chore or a masters degree. I want a hobby, a game, some fun. 

Fine so some I'm sure but for me not interesting in dedicating an insane amount of time to a single game to keep current.

In spite of its playable rating for Steam deck, I'm not sure how. Not only does it seem to randomly change when it accepts face button inputs, the track pad doesnt work for the mouse as so many other similar interfaces would and you are contantly switching to touch screen but even that does not work intuitively as a mouse replacement in game.",76561198014790143,1735051368
steam,Dota 2,negative,,WORST GAME EVER!,76561198067782643,1734371269
steam,Dota 2,positive,,best of best!,76561197981873197,1733409622
steam,Dota 2,positive,,Road to 1 mmr XD,76561198072289719,1733239355
steam,Dota 2,positive,,Best game you suck at,76561198026344153,1733221117
steam,Dota 2,positive,,"Wars Amazing. 
GG!",76561198034525041,1733014485
steam,Dota 2,positive,,"i recently started playing the dota2 again.
it is very fun. learning curve is steep, but not impossible. i'd say give the game a try if you left.",76561198043013790,1732821493
steam,Dota 2,positive,,more fun then LOL,76561197981202197,1732750471
steam,Dota 2,positive,,Dota 2. Enough Said.,76561198047055592,1732373234
steam,Dota 2,negative,,Don't do it,76561198015158909,1732100022
steam,Dota 2,negative,,parasha,76561198070715282,1731222658
steam,Dota 2,positive,,beste!,76561197984187172,1729937851
steam,Dota 2,positive,,"Frustrating, chaotic and causes all manner of distress.
Bretty goob",76561198006527232,1727771130
steam,Dota 2,positive,,I'd say it's pretty good,76561197977835531,1726891515
steam,Dota 2,positive,,I love all cultures and respect all people,76561198061692660,1725683268
steam,Dota 2,positive,,Get in here!,76561198044549460,1721391008
steam,Dota 2,positive,,Made me racist,76561198079845144,1721307863
steam,Dota 2,positive,,Classic,76561198008820073,1720992065
steam,Dota 2,positive,,trash,76561198047703900,1720750326
steam,Dota 2,positive,,Fun Game,76561198006766090,1719178250
steam,Dota 2,positive,,10/10,76561198037811773,1718551153
steam,Dota 2,negative,,"I use to play this game religiously for years.  I just recently stated playing again after a couple years gone.  I got punished for leaving a a game that was a stomp.  They put me in a low priority que.  I waited over 1 HOUR, and still no games.  That is not how you treat costumers you wanna keep.  No game should have wait times of even 10-15 min, let alone over an hour.  I will deleteing for good.  Good-bye!",76561197989485118,1718144304
steam,Dota 2,negative,,I hate this game as much as it hates me,76561197977773980,1717618578
steam,Dota 2,negative,,"Toxic game full of nec*beards. Do not play this.
10/10 would spend 5k hours on toxic game again",76561197992388083,1717459945
steam,Dota 2,positive,,"A lot of terrible people play this game.  The game itself is awesome and when you find good people to play with there is very few better experiences,",76561198058461523,1717352946
steam,Dota 2,negative,,"Ja não bastasse esse desequilibrio entre os herois, ainda fizeram esse novo sistema de escolher skill, dota ficou um lixo, desinstalei e não volto a jogar mais",76561197988749662,1716686717
steam,Dota 2,positive,,"I've been playing Dota 2 for 12 years now, off and on throughout my life it is one of the few constants. In high school, my friends and I spent many nights playing when there was only one courier. In college I played once or twice a year on my rented laptop from school. During the pandemic It was a way for my brothers and I to connect when we couldn't actually visit each other. It holds a great place in my life.

[h3]The Good[/h3]
- Gameplay is dynamic, engaging and rewarding once you get the hang of it. There are so many moving parts that when you make your first big play, there is very little that can match the feeling of satisfaction when played just right. 
- Flourishing Pro Scene: If you want to get better there are countless new and old pro players that stream or release content on Youtube to help you improve, and often times Discord chats to find players to play with.
- Semi Consistent Updates: They just released one of the biggest updates the game has seen since Talents were released in 2016, or neutral items were released in 2019, or when they DOUBLED the size of the map in 2022. Valve isn't afraid to experiment with this game, and while you can get stuck on a single patch for a long time, you can always know that Valve Devs are working on something truly different to add.

[h3]Negatives[/h3]
- Mental Health: This is a team game. I love it for that, but playing with others can be frustrating and demoralizing. You can also find yourself ""chain queuing"" which after multiple losses can really effect your mood outside the game. My girlfriend and I have a rule that I cant start a game after 10pm because if i lose badly sometimes I will be too angry to fall asleep or talk before bed. You have to find these ways to look inward yourself, and without barriers it can really negatively impact you.
- The Community: I said it a bit above, but if you're new to online games there is so much racism, sexism, anger etc. I've met really great people playing dota, but the brain tends to remember the bad eggs. Remember there is a mute button.
- Communication from Valve: There can be crickets from valve sometimes. They ARE working on stuff, but if you read reddit to much you can get a bit riled for no reason.

Overall, best game I've ever played by a long margin.",76561198011612795,1716594963
steam,Dota 2,negative,,"Great fun game if you've got friends and play around at lower ranks trying stuff out. However, this game has one of the most toxic fanbases in existence, second only to maybe LoL. If you intend on playing solo, do your sanity a favor and just avoid this game like the plague. You will be flamed, griefed, have slurs screamed at you, etc. if these players perceive even a microsecond of sub-optimal play.",76561198070902474,1716593662
steam,Dota 2,positive,,yea its pretty good,76561197963303712,1716509516
steam,CS2,positive,,"I've played almost 500 hours. And the game brings a lot of positive emotions, here are some examples:
A toxic Pole at the beginning of the match greets you, you say hello to him, and he replies -idi naxyi kurva-
You yell to your teammate -Rotate urgently, I'm being pushed- your teammate in 90% of cases will mindlessly run around the map looking for a damn frag, instead of helping you, and will eventually die.
Also, the damage registration here is excellent, enemies hit you on the move, while you shake from the slightest rustle as if you're high on LCPD, consequently you can't hit anything.
This game is excellent, so 10/10 high players!)",76561199576696882,1775462879
steam,CS2,negative,,"CS2 is a parody of Standoff 2

See for yourselves:
CS2-2023
Standoff 2-2017

CS2 stands for
C - Copy
S - Standoff
2 - 2

What's with your face, Standoff and Valve haters?",76561199837299258,1775462814
steam,CS2,positive,,"Author, respect and honor to you and your family, especially your mother, who strained during childbirth, resulting in your appearance, and I will soon buy my first hard-earned knife.",76561199536556271,1775462777
steam,CS2,positive,,"Overall, CS2 maintains its relevance and demand, but requires attention to server stability and support for a fair gaming environment.",76561199836647816,1775462641
steam,CS2,negative,,the game is nice but price is too much,76561198733381208,1775462616
steam,CS2,positive,,"CS2 Gaming, It's not perfect and I want an operation but I love this ♥♥♥♥",76561198312313303,1775462548
steam,CS2,positive,,"https://steamcommunity.com/id/donkgojo/inventory/#730_2_38824393696
https://steamcommunity.com/id/donkgojo/inventory/#730_2_41640713724",76561199857492935,1775462404
steam,CS2,positive,,"You play well = cheater
You play badly = noob
You get a headshot = cheater
You hear info and can more or less navigate the map = cheater
You kill someone = cheater
In general - the game is ♥♥♥♥",76561199628802008,1775462390
steam,CS2,negative,,from the decades this game is making me nervous... t8s cant handle the game. so much russians around screaming in mic,76561198733716946,1775462370
steam,CS2,positive,,"https://steamcommunity.com/id/donkgojo/inventory/#730_2_38824393696
https://steamcommunity.com/id/donkgojo/inventory/#730_2_41640713724",76561199850289123,1775462344
steam,CS2,positive,,Best way to learn Chinese fast,76561199063985658,1775462203
steam,CS2,positive,,"counter strike 2 is a very good video game, ty valve!!!!!",76561198749256115,1775462187
steam,CS2,positive,,insane intence gaming here i like it since 1.6 cs,76561198734023336,1775462099
steam,CS2,positive,,Best FPS game of all time .,76561198747805479,1775462023
steam,CS2,positive,,"If we speak objectively, Gaben's mother is not to blame for her son hitting his head at birth. But still, I hope this is the last of their kind.

I recommend the game to everyone who has nothing left to lose, the main thing is that a healthy psyche for playing this shooter should be absent",76561199536978353,1775461992
steam,CS2,positive,,♥♥♥♥♥,76561198752174021,1775461954
steam,CS2,positive,,"After a hundred hours in the game, I can confirm some facts:
Yes, my ass hurts.
Yes, the ""coffins"" position is named after Gaben's mother.
Yes, I don't touch grass and I don't wash.",76561199653791674,1775461934
steam,CS2,positive,,Its fun. Lots of racist gays. very weird. very unique.,76561198865025421,1775461782
steam,CS2,positive,,w game,76561199437853459,1775461274
steam,CS2,positive,,fries kid fries,76561199261964535,1775461269
steam,CS2,negative,,Toxic due to friendly fire.,76561198297344045,1775461141
steam,CS2,negative,,♥♥♥♥ anticheat system.... every game you are facing cheaters or you have them in your team..... this game becomes more ♥♥♥♥♥♥ every year that goes by....,76561198057732434,1775461005
steam,CS2,negative,,"Instead of working on anti-cheat and new weapons, these ♥♥♥♥♥♥♥♥ made stores with disappearing ammo when reloading and killed any resistance to cheaters. ♥♥♥♥♥♥♥ morons.",76561198208929261,1775460958
steam,CS2,positive,,BDFGDGFG,76561198371042386,1775460737
steam,CS2,positive,,cool game bring back VAC please,76561199676316875,1775460557
steam,CS2,positive,,Peak Game,76561198719505483,1775460479
steam,CS2,positive,,i liek tis gem,76561198758193307,1775459952
steam,CS2,positive,,"— The reworked maps look decent, it's worth noting that the developers have worked hard. Inferno has been reworked and made more colorful, Overpass is a blast, what can I say, they even washed the floors on Mirage!",76561199637185542,1775459700
steam,CS2,positive,,legit,76561198869767604,1775459601
steam,CS2,positive,,"Good game, point and shoot",76561199849092933,1775459567
steam,CS2,positive,,Super relaxing game,76561198124167108,1775459456
steam,CS2,negative,,no anticheat cuz volvo cant do that maybe they could but only on april 1st so just delete ts,76561199858977947,1775459343
steam,CS2,positive,,"Good gameplay ♥♥♥♥ anticheat, good game",76561198717845722,1775459119
steam,CS2,negative,,"I bought Prime from the fat scoundrel Gaben so that this fatso could buy himself new burgers and wipe his dirty gob with my money, and this fat freak forbade me from spending money on skins in this game. I expected anything from this capitalist, except for this fat formation to forbid me from spending money and giving it to him. Am I really playing games from Gaben (the fat one)? As soon as they allow me to spend my money, I'll change my mind.",76561199629622831,1775459091
steam,CS2,negative,,It's unfortunate that since the start of the terminal system I no longer feel the urge to give my money to valve for degenerate gambling purposes. More money for the live roulette tables!,76561198799647412,1775459052
steam,CS2,positive,,very good very nice,76561198194707311,1775458481
steam,CS2,positive,,"After a good game, I added the guys from the team because they seemed like cool guys. We chatted for a few months and became good friends. Lots of banter, lots of great games, and most importantly, real friendship.
I invited them to my house for a Dota LAN party. They said they would come, so I was looking forward to meeting them in real life.
When they arrived at my house, they pushed me against the wall and started nibbling my ear and feet. I felt their hard members pressing into my legs. I hit them and then knocked. It turns out they were gay. Don't trust anyone in this game.",76561199629628757,1775458359
steam,CS2,positive,,Dont play this game :D,76561199798161284,1775458331
steam,CS2,positive,,"Counter-Strike 2 is a continuation of the legendary shooter series from Valve, released in 2023 and completely replacing CS:GO.",76561199836677842,1775458247
steam,CS2,positive,,"This game brings new ideas to itself every month. Some ideas are successful, some are not very. The main idea remained, and that's the main thing. Was it better before? Not for everyone, for me a little, I don't know about the rest. But before, the grass was greener, and the air was cleaner. The only thing that could improve this game is the developer's ability to request feedback and look for ways to bring into the game what players really want.",76561199645500036,1775458155
steam,CS2,positive,,super fun !!!!,76561199230648379,1775457906
steam,CS2,positive,,good aim,76561199104460897,1775457709
steam,CS2,negative,,"Alright dont get me wrong here, i come from cs source days, and since then this game has been my main go to for late night gaming, but the cheaters ruined this game for me. My games are filled with wall hackers and spin botters, if the anti cheat just worked like valve wants it to ill recommend this game to others, but till then dont waste your time or money",76561199670961212,1775457658
steam,CS2,negative,,"CS2 is okay, but it feels like a downgrade from CS:GO in some ways. The graphics are nicer, sure, but the gameplay just doesn’t hit the same. Hitreg feels inconsistent, and the new movement is a bit too slippery for my taste. Matches are fun when they work, but too often something feels off. Needs more polishing.",76561199653896140,1775457364
steam,CS2,negative,,"It's just ♥♥♥♥, not a game. The people here are just disgusting. You shoot someone in the head and it doesn't register; you shoot in the air and it registers on an enemy.
The rating system is a separate art form – win a game +150 rating, lose a game -550 rating.
Cheaters are in almost every game. DM is filled with bots farming cases, who naturally use software, and support absolutely doesn't care.
In short, 0/10, a dump for skin fetishists.",76561199577682208,1775457229
steam,CS2,positive,,♥♥♥ an bol torcher,76561198144005449,1775457216
steam,CS2,positive,,"After a good game, I added the guys from the team because they seemed like cool guys. We chatted for a few months and became good friends. Lots of banter, lots of great games, and most importantly, real friendship.
I invited them to my house for a Dota LAN party. They said they would come, so I was looking forward to meeting them in real life.
When they arrived at my house, they pushed me against the wall and started nibbling my ear and feet. I felt their hard members pressing against my legs. I hit them, and then knocked. Turns out they were gay. Don't trust anyone in this game.",76561199828350110,1775457104
steam,CS2,negative,,\♥♥♥♥♥♥♥♥♥♥♥♥♥♥♥,76561198831101089,1775457041
steam,CS2,negative,,Why do I optionally play this?,76561198213403559,1775456808
steam,CS2,positive,,A clear game where victory depends on the teammates you get. Guys without a microphone and looking down with their scope are the main things that drop in this case.,76561199653586989,1775456656
steam,CS2,positive,,"Counter-Strike 2 is a continuation of the legendary shooter series from Valve, released in 2023 and completely replacing CS:GO.",76561199537385752,1775456557
steam,CS2,positive,,"Excellent game, I recommend it. My friends and I play every single day. You can play for hours and not get bored.",76561199829447257,1775456034
steam,CS2,negative,,"I've spent a lot of time in this game, seen several eras of change, and now - the apotheosis of idiocy has arrived.
What the hell are clips? What hit you on the head as a child? I don't have an answer to that question, but it was clearly something heavy, too bad it wasn't sharp.
Killing the game more and more with each update - very cool, keep up the good work and eventually this underdeveloped dump will only be used for exchange purposes, and not for long, because there will be no one to play, and skins will not surrender to anyone in such a situation.",76561199536543036,1775455789
steam,CS2,positive,,you will die a lot,76561199465723809,1775455768
steam,CS2,negative,,"The game was killed by the absolute lack of anti-cheat. We bought premier, played until we reached rating, hoping to at least get a break from them there and play normally, but it turned out that there were just as many of them in rating as outside of premier. It killed the desire to play for all my acquaintances and friends, we are simply shocked. Naturally, we don't plan to return to CS anymore. What a disgrace, to ruin such a game...",76561199878716322,1775455383
steam,CS2,positive,,"After a hundred hours in the game, I can confirm some facts:
Yes, my ass hurts.
Yes, the ""coffins"" position is named after GabeN's mother.
Yes, I don't touch grass and don't wash myself.",76561199653476549,1775455302
steam,CS2,negative,,"It's unbearable to play after the new Premier season. They disable anti-cheat to boost their online player count in the game. In every game, you play against cheaters.",76561199878833461,1775454956
steam,CS2,positive,,"I spent a long time choosing between Barbie Dreamhouse Adventures and this one. In the end, CS2 won, because here Barbie can not only cook, but also throw a Molotov cocktail into Ken's mansion if he again forgot about their anniversary. Style, drama, shootouts - everything I love. Waiting for the pink case. 5 stars 🌸",76561199577527000,1775454731
steam,CS2,positive,,I recommend this if you support israel,76561198788211760,1775454591
steam,CS2,negative,,"The latest update with reloading is the bottom. What's next? Workbenches at spawns, ore mining, and a crafting system? Come on, remove this.",76561199645496301,1775454513
steam,CS2,negative,,"In DM, there are only bots, it's unknown where the red trust comes from with which you'll never normally play MM or Premier.",76561199543226545,1775454479
steam,CS2,negative,,too many gay people,76561199180377270,1775454468
steam,CS2,positive,,i would say it used to be more fun because small communitys are the best but still very fun,76561199675828966,1775454460
steam,CS2,negative,,"The worst update no one asked for, which punishes players who have been playing this game for years. But don't worry, I'm done with it. I've already put my skins up for sale through a third-party resource. Good luck to the kids who will remain in this miserable time of the game's life.",76561199653453866,1775454429
steam,CS2,positive,,its cs,76561199489074663,1775454363
steam,CS2,negative,,"Great game, lots of skins, lots of maps, lots of fixes for maps, reloads, shooting and other nonsense, but there's the coolest thing I like, every other game you get an opponent or teammate who runs all over the map and kills everyone with a jump, in the head, through smoke, and the complaints directed at him under the number 9999999999999999 are not checked and the player can play calmly for several more years, but you have the opportunity to look at your colorful weapon that you bought for real money, thank you very much that the developers meticulously deal with such a refinement as anti-cheat!!!",76561199829235587,1775454244
steam,CS2,positive,,i really don't know,76561199752380520,1775454183
steam,CS2,positive,,"The game was created with the aim of isolating a person from society, forcing them to play Faceit continuously and slowly lose their mind and nerves. In principle, this is the main advantage of the game.",76561199828239793,1775453879
steam,CS2,positive,,Нуу такое),76561198754602428,1775453804
steam,CS2,positive,,"Objectively speaking, Gaben's mother is not to blame for her son hitting his head at birth. But I still hope this is the last of their kind.

I recommend the game to anyone who has nothing left to lose, the main thing is that a healthy psyche for playing this shooter should be absent",76561199569784711,1775453589
steam,CS2,positive,,"Greetings everyone. I want to write a review about this game.
The game is not bad, of course, some even call it legendary, but how can you praise this game so much when it lacks so much????
I would add a tank, a grenade launcher, a portal gun, a rocket, a minigun, ghosts, a black and white filter, a jetpack, slaughter, a whoopee cushion, a giant cake after winning the game, a canteen, an alphabet, the ability to customize shoes, and of course, how can one do without screamers.
Overall, I am satisfied with the game, but due to the absence of the above-mentioned attributes, I can only give the game 7 out of 8 points.",76561199828087148,1775453552
steam,CS2,negative,,"Bring back normal clips, what's with this dive into realism in a game WHERE IT'S NOT NEEDED, they should have updated and brought back old maps already.",76561199855704404,1775453435
steam,CS2,positive,,uhh good community,76561199522077547,1775453177
steam,CS2,positive,,"The game is good, but the updates seem realistic and not very much, it registers every other time, but I'm silent about the cheaters.",76561199576572948,1775453111
steam,CS2,negative,,aaaaaaaaaaaaaaaaaaaaaaaaaaaaaaaaaaaaaaaa,76561198735827650,1775452967
steam,CS2,positive,,Claims to be realistic but has no feature for character to poop on his balls. Still its a good game just wanted to point that out.,76561198324255548,1775452473
steam,CS2,positive,,very saxxy game,76561198724034223,1775452321
steam,CS2,positive,,"There are very good players here. They treat your relatives with respect. They constantly love mothers who dream of intimacy. Amazing game, teaches swear words in all languages of the world.
Only in this game will you learn the terrible secrets of your family. Here you can easily get into a party or against top players, they will give you info and show you how to shoot only in the head, learn and scream, it will help)",76561199828610517,1775452200
steam,CS2,positive,,"A very kind community, the best and most reliable anti-cheat, and the developers give away skins for free.

In a word, I recommend it!",76561199828598892,1775452144
steam,CS2,positive,,good game,76561198403633133,1775452023
steam,CS2,positive,,"I advise you to participate in this wonderful universe. It's not unusual, but stunning. Many cheaters, many smurfs, and few kind, positive guys.",76561199827550560,1775451964
steam,CS2,negative,,"Don't play this piece of ♥♥♥♥. You will be 1,300 hours in, queing the competitive game mode and get 4 other solo que players vs a 5 stack in 75 % of your games, but at least the animations got updated.",76561198026050581,1775451960
steam,CS2,positive,,"Spēlēju vēl no 1.6 laikiem — tas bija kaut kas īpašs, ko grūti atkārtot.

Pamēģināju CS2 ar draugiem. Sākumā skeptiski, bet spēle patīk — labs gameplay, moderns feel, un ar normālu komandu ir tiešām fun. Dažreiz viss “saliekas” un tad ir ļoti laba pieredze.

Mīnusi — toxic spēlētāji un reizēm aizdomīgi pretinieki/boti, kas bojā spēli.

Ar draugiem gan to var ignorēt. Kopumā laba spēle, bet nekas nebūs kā 1.6.

👍 Ieteiktu",76561198718858786,1775451920
steam,CS2,positive,,"the best game in terms of shooting realism because you need to take into account the angle of inclination, wind speed, and also check if a blank cartridge is loaded",76561199878488929,1775451748
steam,CS2,positive,,"Great game if you play in the main menu.
If you want to play in prime mode - be prepared, absolutely every game will be against cheaters.",76561199836896158,1775451002
steam,CS2,positive,,Gold Gold Gold,76561198407534035,1775450950
steam,CS2,positive,,"Very good game, got called slurs in languages I couldn't guess",76561199589632292,1775450893
steam,CS2,positive,,FLASHBANG DANCE,76561199844120225,1775450519
steam,CS2,positive,,L game only for the drop,76561199232287322,1775450436
steam,CS2,positive,,"Greetings everyone. I want to write a review about this game.
The game is not bad, of course, some even call it legendary, but how can you praise this game so much when it lacks so much????
I would add a tank, a grenade launcher, a portal gun, a rocket, a minigun, ghosts, a black and white filter, a jetpack, slaughter, a whoopee cushion, a giant cake after winning the game, a canteen, an alphabet, the ability to customize shoes, and of course, how can we do without screamers.
Overall, I'm satisfied with the game, but due to the absence of the above-mentioned attributes, I can only give the game 7 out of 8 points.",76561199536792295,1775450212
steam,CS2,positive,,♥♥♥♥ this  game,76561199748974963,1775450134
steam,CS2,positive,,"The game was created with the aim of isolating a person from society, forcing them to play Faceit continuously and slowly lose their mind and nerves. In principle, this is the main advantage of the game.",76561199536595245,1775449827
steam,CS2,negative,,"It's just ♥♥♥♥, not a game. The people here are just disgusting. You shoot someone in the head and it doesn't register; you shoot in the air and it registers on the enemy.
The rating system is a separate art form - win a game +150 rating, lose a game -550 rating.
Cheaters in almost every game, DM is full of bots farming cases who naturally use software, and support absolutely doesn't care.
In short, 0/10, a dump for skin fetishists.",76561199876358198,1775449825
steam,CS2,negative,,"The game is a dump, I don't even know why I paid money for it. Cheaters on cheaters, I got 6 cheaters in 6 games, and one cheater twice. Where is the balance, where is the protection from cheaters, where is the patrol in the end? It used to be better, not like now. Game rating -10/10. Shame on Valve, they've gone downhill.",76561199876432855,1775449750
steam,CS2,positive,,this ♥♥♥♥ ♥♥♥♥♥♥♥ sucks but its sooo good,76561198768978437,1775449503
steam,Team Fortress 2,positive,,I bought this game in 2008 still good in 2026.,76561198013053171,1775429159
steam,Team Fortress 2,negative,,"This game single handedly made me addicted to gooning, 10/10 wouldn't recommend",76561198800443570,1775400470
steam,Team Fortress 2,positive,,"As a spy and soldier main, i sometimes despise this game.",76561198985124442,1775383262
steam,Team Fortress 2,positive,,Peak game,76561199519332308,1775357488
steam,Team Fortress 2,positive,,"Honestly my favourite game of all time, really love the mechanics of everything and pace, i love the mercs so much, they mean so much to me...posted this review at 67 hours btw.....",76561199835607325,1775347962
steam,Team Fortress 2,positive,,lets see if i get called a n***er today - einstein,76561198955845291,1775323051
steam,Team Fortress 2,positive,,The true legend,76561199008603996,1775301273
steam,Team Fortress 2,positive,,THIS GAME IS FUN AS ♥♥♥♥,76561199481573170,1775268554
steam,Team Fortress 2,positive,,i love my silly hat collecting game that gets no updates,76561198125449554,1775243285
steam,Team Fortress 2,positive,,"Uhhhh, this game F'ing sucks. Every time I'm about to stab someone in the back they just decide to turn around for no reason. Literally every time, I'm not kidding. This isn't hyperbole. Every. Single. Time. They just turn around. The only time I've ever gotten backstabs is only because I was got pitied. Skill Issue? More like life issue, because I can't stop trying even though I'm destined to fail.",76561198013241407,1775241339
steam,Team Fortress 2,positive,,"There’s.. ALOT about this game. 

It’s 5050. Either you find literal weirdos in your matches or you just find normal people. There’s a skill gap for sure. This game has been out for literal years and some people have been playing consecutively during those years. I’ll say the moderation is loose in this game and custom sign users can be pretty graphic/toxic/NSFW there. 

Everything from trimping, rocket jumping, sticky bouncing, moments so funny they almost seem scripted, war paints, weapons, community/stock maps, play styles/subclasses, the fact there’s still a competitive scene, and the game isn’t dead after all this time.. is all for a reason.

This to me is simply just a good game by Valve. 

Rip Kitty0706",76561199035740654,1775241267
steam,Team Fortress 2,positive,,"muito bom,leve e divertido.

é o pai dos heroshoters,preciso explicar o porque?",76561199815142526,1775235493
steam,Team Fortress 2,positive,,it's alright,76561198145498757,1775231833
steam,Team Fortress 2,positive,,I lvoe this game.,76561198065477400,1775221540
steam,Team Fortress 2,positive,,I lost my old stem account. on that account I had 1000 hours on TF2 in my opinion if its great enough for me to get it once play it for so long and then get a new account after i lost my old account just to play it,76561198736127404,1775164421
steam,Team Fortress 2,positive,,can't have monstrous gay sex with the Medic 0/10,76561199412609519,1775160715
steam,Team Fortress 2,positive,,peak cin e ma,76561199229506864,1775159209
steam,Team Fortress 2,positive,,S E N T R Y   G O I N G   U P ¡ ¡ ¡,76561199668941239,1775158061
steam,Team Fortress 2,positive,,Still a ton of fun after all these years!,76561198000766854,1775149737
steam,Team Fortress 2,positive,,this game is eqivulent to being in hell looking in heaven but with friends your in heaven laughing at loners (In hell),76561198764815225,1775145275
steam,Team Fortress 2,positive,,i like this,76561199802951792,1775140721
steam,Team Fortress 2,positive,,cool hats i guess,76561198119518508,1775099732
steam,Team Fortress 2,positive,,best ass game i play everyday yo,76561197994088829,1775091194
steam,Team Fortress 2,positive,,GabeN,76561199594388829,1775088607
steam,Team Fortress 2,positive,,support sandwich,76561199237524820,1775085974
steam,Team Fortress 2,positive,,Even this game is old to play but still hold a fun.,76561198732763060,1775055013
steam,Team Fortress 2,positive,,got 90% of achievents worth it,76561199596766170,1775038606
steam,Team Fortress 2,positive,,"It's fun, and both the gameplay and sound design is lit :)",76561198269233888,1775029660
steam,Team Fortress 2,positive,,"Old game, good game",76561199654224267,1775024554
steam,Team Fortress 2,positive,,This game made me give birth twice,76561198724194135,1775010285
steam,Team Fortress 2,positive,,"I picked this up out of nowhere recently. I'd only played it a bit back in its heyday, but not all that much. A student of mine mentioned it, which was surprising as they're a middle school student playing a game from when I was in high school.

It plays like an old shooter, which I love, a relic of a bygone era. Its still fun and holds up well. I'll certainly keep at it. I teach an esports class, and this will definitely be a game I include in the curriculum next semester.",76561198008087322,1775005944
steam,Team Fortress 2,positive,,this game very fun as long as you understand the games mechanics and you make good teamwork via voicechat with your teammates (random),76561199153754054,1775000747
steam,Team Fortress 2,negative,,"I started playing TF 2 back in 2009 by buying CD with this game and today i can say only this - ""Look how they massacred my boy"". If u want REAL and CLASSIC TF 2 experience go play TF 2 Classified mod.

https://www.youtube.com/watch?v=Z241U1UkXxY

https://store.steampowered.com/app/3545060/Team_Fortress_2_Classified/",76561198008683936,1774992069
steam,Team Fortress 2,positive,,"cmon, do i even have to explain",76561199711769456,1774978356
steam,Team Fortress 2,positive,,I do believe I am on fire.,76561198057538549,1774977014
steam,Team Fortress 2,positive,,"Team fortress is the first game that Valve ever made. They added a character called the pyromaniac that completely ruins the experience, but if you just attack it from far away, you should be fine. I like to play this game, and I would definitely say it has potential to be another Valve classic; As long as they remove flamethrower Andy and never give him his own update or something lol. Fire soundtrack, classic maps, playable characters! 100/10 SCORE!!!",76561198308509735,1774974374
steam,Team Fortress 2,positive,,Game is still goated almost 20 years later.,76561199526703434,1774969964
steam,Team Fortress 2,positive,,MEDIC!!!!!!!!!!!!!!!!,76561198067193153,1774946862
steam,Team Fortress 2,positive,,aaaa AAAAAAAAAAAAAAAAAAAAAAAAAAA AAAAAAAAAAAAA  A AAAAA AAAAAAAAAAAAAAAAAAAAAAAAA,76561198722057066,1774935371
steam,Team Fortress 2,positive,,demomn teefee2,76561198941327588,1774891135
steam,Team Fortress 2,positive,,"great game, sad you cant goon while playing though",76561198722975907,1774823888
steam,Team Fortress 2,positive,,super tuff i had to learn dark chud pychology just to understand,76561198772777257,1774807614
steam,Team Fortress 2,positive,,"that team has a fortress, too",76561198115761742,1774806407
steam,Team Fortress 2,positive,,"культура которая была оставлена этой игрой самая крутая культура которую я видел,это самое мемное сообщество из всех",76561199164283475,1774795082
steam,Team Fortress 2,positive,,"Esse jogo é o significado puro de RESpublica, foi incrivel o dia que kickamos o mano que tava puto pq tinha um indiano cheater",76561199218465175,1774779040
steam,Team Fortress 2,positive,,just take my money,76561198767475421,1774778248
steam,Team Fortress 2,positive,,"What's there not to love? You get to shoot people, go on a killing spree, and then have your hopes and dreams crushed by a sniper that was hiding a hundred feet away from you and just so happened to get a crit the one time you do good. 10/10",76561198873167855,1774757257
steam,Team Fortress 2,positive,,"this games one of my favourite games of all time, I just hate that the fandom is stuck in like 1912.",76561199138873179,1774750966
steam,Team Fortress 2,positive,,I like Pyro.,76561198750120442,1774743649
steam,Team Fortress 2,negative,,this game is a zoo. nothing but animals frequent this cesspit. why did you create so many things to make this game miserable? why do the animals use the vacc and make the game miserable? i hate all of you,76561197997327554,1774693659
steam,Team Fortress 2,positive,,despite my poor internet and high ping im still enjoying this game,76561199082326225,1774683831
steam,Team Fortress 2,positive,,TEAM FORTRESS 2,76561199059405250,1774662330
steam,Team Fortress 2,negative,,This game has not aged well... The only people still playing it are crazy sweats. Loved it when it came out but literally 0/10 now.,76561198012046532,1774659767
steam,Team Fortress 2,positive,,"peak f2p hero shooter experience  would highly recomend, yet another valve banger.",76561199522783103,1774647498
steam,Team Fortress 2,positive,,Z НАСРАЛ В БАРАБАН,76561199048512726,1774629460
steam,Team Fortress 2,positive,,THE BEST GAME,76561198778280117,1774602699
steam,Team Fortress 2,positive,,ggooooooooooooddddddddddddddddddddddddddddddddddddddddddddddddddddddddddddddddddddddddddddd,76561197988214587,1774599504
steam,Team Fortress 2,positive,,friggin sweet!,76561198383994585,1774581652
steam,Team Fortress 2,positive,,Where is my heavy update?,76561199191315629,1774568629
steam,Team Fortress 2,positive,,SO GOOD AND COOL,76561199104783002,1774543644
steam,Team Fortress 2,positive,,Best place to either be a fury or a racist,76561199489762723,1774490820
steam,Team Fortress 2,negative,,"In short, this used to be my favorite game of all time. Meet Your Match ruined it by killing off most vanilla community servers and choosing to try and turn the game about fun, player freedom, and community into yet another hardcore competitive slopfest. Valve servers are only playable through the awful matchmaking system that reinforces quick stomps instead of the multi-hour long play sessions that used to make it so relaxing and enjoyable to play after coming home from school. Valve lost the plot back in 2016 and never found it again despite the community screaming at them to just put things back the way they used to be. Until they do, I can't recommend playing this, because this isn't TF2 as it was originally made to be played. ""The most fun you can have online"" became ""We swear this is the next big eSport"".",76561197985707640,1774470746
steam,Team Fortress 2,negative,,Makes Overwatch look good,76561198010961851,1774452160
steam,Team Fortress 2,positive,,be a soldier. he's just a guy with a rocket launcher,76561199408219415,1774447936
steam,Team Fortress 2,positive,,so funn,76561198739893542,1774439344
steam,Team Fortress 2,positive,,fortress 2 team,76561199430386310,1774409973
steam,Team Fortress 2,positive,,"I bought a dance for 12.99 and every time I use that eastern european kick emote I achieve world peace.

10/10 would spy again",76561199734102783,1774402315
steam,Team Fortress 2,negative,,Far to many Cheaters VALVE DO SOMETHING,76561199059919933,1774390539
steam,Team Fortress 2,positive,,oh the memes,76561199808029367,1774389874
steam,Team Fortress 2,positive,,"I generally don't like online multiplayer games, but I'm really enjoying this one. Great if you want to act like an idiot or gay man online, or both. Unfortunately I have a skill issue because most players have more hours than I do, but it can be solved with practice and lots of patience.",76561199002480546,1774381156
steam,Team Fortress 2,positive,,"I played this a longggg time ago and the problems I faced then are the same I face this time around

Just terrible team mates that spend their time not playing the game, and endless spies just spamming backstab

10/10 will never ever play again, ♥♥♥♥ that mess",76561198288036257,1774318061
steam,Team Fortress 2,positive,,wow fun :3,76561199263630731,1774314640
steam,Team Fortress 2,positive,,"E-Ela desce, ela sobe, no baile é pressão
Mina linda, perigosa, rouba meu coração
Vai quicando, vai jogando, não perde a razão
No batidão, no batidão, só pura tentação

Ela desce, ela sobe, no baile é pressão
Mina linda, perigosa, rouba meu coração
Ela desce, ela sobe, no baile é pressão
Mina linda, perigosa, rouba meu coração

Ela desce, ela sobe, no baile é pressão
Mina linda, perigosa, rouba meu coração
Vai quicando, vai jogando, não perde a razão
No batidão, no batidão, só pura tentação

Desce, ela sobe, no baile é pressão
Mina linda, perigosa, rouba meu coração
Ela desce, ela sobe, no baile é pressão
Mina linda, perigosa, rouba meu coração

Ela desce, ela sobe, no baile é pressão
Mina linda, perigosa, rouba meu coração
Vai quicando, vai jogando, não perde a razão
No batidão, no batidão, só pura tentação",76561199555663232,1774284247
steam,Team Fortress 2,positive,,"One of my most favorite multiplayer games ever, it is a shame that it suffers from the free-to-play curse. I have so many memories with this game. Overall a fantastic very well polished experience from Valve.",76561198186572406,1774260079
steam,Team Fortress 2,positive,,bingle bongle,76561198745078461,1774237083
steam,Team Fortress 2,positive,,The only remaining game where you can still play TF2.,76561198000901397,1774232591
steam,Team Fortress 2,positive,,Peak game 10/10 comunity,76561199744164087,1774222940
steam,Team Fortress 2,positive,,wheen tem fortrewss 3?,76561199689573109,1774205898
steam,Team Fortress 2,positive,,makes me wanna blow my brains out,76561198043616258,1774205680
steam,Team Fortress 2,positive,,this game is never going to die,76561198027932224,1774188449
steam,Team Fortress 2,positive,,An unchanging fact of history is that just about every multiplayer FPS game ever made will always be an embarrassment compared to this.,76561199812069407,1774187072
steam,Team Fortress 2,positive,,VERY INTELLECT GAME,76561199344776319,1774185590
steam,Team Fortress 2,positive,,this is a game that i enjoy,76561198205450997,1774185331
steam,Team Fortress 2,positive,,"I'll play this ♥♥♥♥ until either i'm dead, or the game is.",76561198000345917,1774170429
steam,Team Fortress 2,positive,,"Very fun game, don't choose spy first.",76561199883162193,1774163441
steam,Team Fortress 2,positive,,"teamsd fotes
s",76561198198251666,1774144156
steam,Team Fortress 2,positive,,cinema.,76561198069335497,1774126506
steam,Team Fortress 2,positive,,"This game is genuinely peak, but the bots are annoying",76561197989443199,1774117418
steam,Team Fortress 2,positive,,its cool,76561199801944527,1774106915
steam,Team Fortress 2,positive,,"This game so awesome, I went insane!",76561199875797520,1774085306
steam,Team Fortress 2,positive,,Epic gamin',76561199693447836,1774077727
steam,Team Fortress 2,positive,,timeless classic game and the community is TF2 backbone,76561198297303522,1774076972
steam,Team Fortress 2,positive,,uhh idk,76561199229331728,1774050214
steam,Team Fortress 2,positive,,sucks,76561199193008331,1774046369
steam,Team Fortress 2,positive,,Oh you're live on Twitch?,76561199100931206,1774032088
steam,PUBG,positive,,"3700 hours in this game, still suck, personal problem",76561198100004433,1775427093
steam,PUBG,negative,,"They removed FPP from pro play
Crouch spamming while peeking is disgusting",76561198087935038,1775415230
steam,PUBG,negative,,"easily the worst BR experience right now, not even tarkov comes close to the sheer volume of cheaters on this game. i've dealt with aimbot, wallhacks, but i just had someone run up on me and disabled my guns altogether, couldnt shoot a fully loaded gun, while already aimed down sights. absolutely embarassing day to be a krafton dev.",76561198355566137,1775399059
steam,PUBG,positive,,GOOD GAME !,76561199013839102,1775397641
steam,PUBG,negative,,"Gameplay:
☑ Fun
☑ Repetitive
☐ Challenging
☐ Easy

Graphics:
☐ Beautiful
☐ Decent
☑ Outdated
☐ Ugly

Story:
☐ Amazing
☐ Good
☐ Average
☑ Skip it

Performance:
☐ Smooth
☐ Minor issues
☑ Needs optimization
☐ Broken

Audio:
☐ Great soundtrack
☐ Good
☑ Forgettable
☐ Annoying

Value:
☐ Worth full price
☐ Worth on sale
☐ Not worth it
☑ Free

Pros:
☑ Battle Royale
☑ Multiplayer

Cons:
☑ Hackers
☑ It's own skin system
☑ Bad controls

Score:
☐ 10/10
☐ 9/10
☐ 8/10
☐ 7/10
☑ 6/10
☐ 5/10 or lower


Final Verdict:
☐ Recommended
☑ Not Recommended",76561198043889760,1775392229
steam,PUBG,positive,,"I play sometimes, it's good.",76561198104393958,1775385485
steam,PUBG,negative,,waste of time,76561198007808189,1775383932
steam,PUBG,positive,,GOOD GAME,76561198101097902,1775376751
steam,PUBG,positive,,Good game,76561198217149621,1775372973
steam,PUBG,positive,,Recomand,76561198382261234,1775370240
steam,PUBG,positive,,great game love the battle royal game play,76561198210564709,1775354417
steam,PUBG,negative,,"Fun game, usually quick matches because of cheaters and the fact all my info got stolen by this chinese ass company. Its all out there now so have fun with bots, cheaters, espionage, and a government that doesnt care. Btw i paid for this game back in the day and still have zero of the benefits 'given' to people who paid. ♥♥♥♥ ass company with their lies",76561198340328260,1775347763
steam,PUBG,negative,,people are hacking and there is nothing being done about it.,76561198446853595,1775258179
steam,PUBG,positive,,Good Game,76561197997689811,1775248836
steam,PUBG,positive,,asdad,76561198228040284,1775229265
steam,PUBG,positive,,very nice game!,76561198438317967,1775200731
steam,PUBG,positive,,"Great game, lots of fun!

My only real issue is that it’s the ONLY program/game I have Windows installed for on a dual boot. I’ve been on Linux for years, and it’s nice to see more people giving it a shot. Proton is getting better by the second. But having to jump through hoops just to play this individual game is a bit frustrating. I basically have a whole different OS installed just to play PUBG.

It kind of feels like when I almost purchased a PS5 just to play FF7 Rebirth when it came out (I borrowed one).",76561198882302085,1775160592
steam,PUBG,positive,,g.a.y.,76561198064019073,1775150733
steam,PUBG,positive,,"PUBG is not perfect. I've played from the E.A. days so I've seen how bad things have been as well as seen the positives.

Pros: Game has a grounded feel, not super-crazy movement hell for more slow paced gameplay. The hit detection has been massively improved and rarely feels off now. QoL has gotten much higher without killing how the game feels. Personally, I also like the near-instant TTK as long as you have the skills to pull it off. Guns feel mostly varied and solid to use, nothing in the game besides melee weps are nearly useless.

Cons: Some games, RNG screws you so you get garbage / ring spawns on the other side of the map and you travel 15 minutes to the other side just to be instantly killed reaching the ring after 0 action. I personally haven't noticed many cheaters but you'll usually run into one within a few hrs of playtime and others seem to complain of it a lot more. Half of the maps are reaaaally not good with far too much area to span with low vehicle numbers or no cover or just flat out play like butt.

Overall it is a game that has been fixed up from the early days and somewhat forgotten since. It's a game where I instantly understand when someone doesn't like it or feel a mutual rush when a friend hits a nasty shot. There's a lot of good and bad in PUBG but I'd say with some patience you can learn to vibe here.",76561198032453451,1775149408
steam,PUBG,negative,,Optimize your game,76561198031442896,1775142825
steam,PUBG,positive,,Maze dar,76561198847206379,1775113798
steam,PUBG,positive,,Greatest game ever made. PUBG. PUBG.,76561198070923658,1775112339
steam,PUBG,positive,,"Love the tactical feel of this game. Cheaters are still annoying sometimes, but nothing beats getting that Chicken Dinner.",76561198409288787,1775110891
steam,PUBG,positive,,Good game,76561198167469042,1775079090
steam,PUBG,negative,,"No Bazzite/Liunux support. Switched to this thinking it would work (All my other games work 100%), but it doesnt. Cant recommend, very backward for devs to not support Linux when so many players changing to SteamOS and the like",76561198007414211,1775072816
steam,PUBG,positive,,pubg!,76561197965443536,1775072791
steam,PUBG,negative,,yarrak gibi oyun,76561199074697247,1775053897
steam,PUBG,negative,,rubbish,76561198094531795,1775046406
steam,PUBG,negative,,lets play the game oh a update ok. next day lets play the game oh another update ok next day the same next day the same too many updates,76561198284222536,1775024939
steam,PUBG,positive,,better than fortnite,76561198984290733,1775015144
steam,PUBG,positive,,Game was fun during the early days :),76561198135068781,1775013802
steam,PUBG,positive,,After 1800+ hours I am starting to get bored of the game. But that should tell you how fun it was for me :),76561198062066695,1775007082
steam,PUBG,positive,,just play,76561198268085277,1774966854
steam,PUBG,negative,,So I like the idea of Pubg. And I've played it well over 100hrs. But I'm going to give it a recommend no. Considering that they use kernal anti cheat and they still have more hackers and cheaters then ever before.... They kill off all Linux support. So you can't claim the anti cheat is just for cheaters when it doesn't work. Also btw - just found out that the anti cheat does support linux. How about you open the door up to more players?,76561197989238683,1774960439
steam,PUBG,positive,,Fun Fun Fun Fun Fun fun,76561198188893894,1774954756
steam,PUBG,positive,,"Many Shooting, Much Wow",76561198281657066,1774919653
steam,PUBG,negative,,"This game started great, and peaked during early release. It was a good time and easy to laugh at the hackers that plagued this game before. Nowadays its just hot trash. Today, I have been killed 5 different times by people shooting through walls of buildings, trees, and even entire hillsides to land their shots. The second this game went free to play, it started dying in my mind. Every lobby is filled with fresh accounts made to replace the ones that were just banned. ♥♥♥♥ microtransactions.",76561198393494431,1774901912
steam,PUBG,negative,,Unplayable,76561198170356467,1774901685
steam,PUBG,negative,,"I received a 24-hour ban for no reason while just playing casually with friends. This game is absolutely trash. There are plenty of hackers out there, yet they chose to penalize me—even though I’ve been playing for years with no third-party software, just dealing with 200ms ping while playing with friends in another country. TRASH GAME!",76561198074316893,1774893558
steam,PUBG,negative,,Bad game,76561199008571361,1774892628
steam,PUBG,positive,,Play this if you want to hate yourself. Recommended 👍🏻,76561198352020405,1774890301
steam,PUBG,negative,,constant fps drops,76561198017746694,1774887016
steam,PUBG,positive,,Numbah one!,76561198218684597,1774870190
steam,PUBG,positive,,not bad,76561198449447489,1774847337
steam,PUBG,positive,,this one at its peak and was once the best game i ever played as time goes on it becomes old news but damn what a game in its prime,76561198327156526,1774842593
steam,PUBG,positive,,broooo iiic sou guuuuddddb !,76561198027553269,1774812591
steam,PUBG,positive,,you WILL die in the first gunfight after running for 20min and you WILL like it,76561199008880039,1774808588
steam,PUBG,negative,,"horrible game full of grown man who think the game is real life and are just horrible humans, i hope they all rot in a special place . they aren't loved and they are ♥♥♥♥♥♥♥ bums and i just really hope they all get what's coming for them.",76561198879835661,1774808435
steam,PUBG,positive,,"havent played much,pretty fun",76561198804372630,1774798739
steam,PUBG,positive,,"I wish I played this game in it's beta version where all the fun and goofy moments are made, now it's just so dark/gray vibe, very depressing, all this updates are very overwhelming especially to me since I'm inconsistent player, 8/10 rating.",76561198878141479,1774789279
steam,PUBG,positive,,the best strategic high risk and high rewarding game! good esport torunaments too! you can win a good amount of prize money for the serious players. for the level of compettetiveness its ranked one of the higest games.,76561198860854372,1774785087
steam,PUBG,positive,,competitive and intense,76561198802106132,1774728603
steam,PUBG,positive,,Sometimes I die. Sometimes I make others die. Such is life. Realistic game.,76561197973980785,1774722315
steam,PUBG,negative,,♥♥♥♥ game,76561198046811824,1774716776
steam,PUBG,negative,,"trash game,too many technical difficulties ,cant even reconnect to a match .",76561198007215169,1774715193
steam,PUBG,negative,,cheaters and developers ruined this game :(,76561198379131569,1774700574
steam,PUBG,positive,,I 360'd my friend in this game during a customs match. He called me a bad word. Great game.,76561198804551041,1774678170
steam,PUBG,positive,,Amazing game,76561198401232796,1774673098
steam,PUBG,negative,,"To set the record straight on the current state of the PUBG community and ranked matches. There are players who consistently rank in the TOP 50 every season in the Survivor tier, named Tajik_AgresoR and Akai_AJ. These players regularly play with Tier 1/2 accounts, which get banned immediately after being reported. Today, these players played with Juanito_ and 2Speed4U. Immediately after my report, both players were banned. However, these ""Survivors"" managed to play 8 matches with them. It’s clear they have many accounts through which they get boosted using cheats, but this is too much. A huge number of players are doing this, and PUBG ranked matches are unplayable because of it. Honorable mentions for players who also do this and aren’t punished for it: LEBANON_forameh and his LEBANON CLAN, CN1 CLAN, MEC CLAN, XAOC CLAN. PLEASE, PUBG COMMUNITY, START ADDRESSING THIS AND REPORTING IT.",76561198419688302,1774650128
steam,PUBG,negative,,most ♥♥♥♥♥♥ game experience you can get bad fps even with my machine specs look below 90fps ♥♥♥♥ box of a game have mose settings in low and just plain ♥♥♥♥♥♥ experience ever one can get fck this game and all its players,76561198166568322,1774640337
steam,PUBG,positive,,"With a new PC build, came back to this old game.. and what do you know..?

Still one of the best Battle Royale games to date.

PUBG baby!",76561197998944565,1774629966
steam,PUBG,positive,,nyaaa,76561198368178513,1774596540
steam,PUBG,negative,,Its ass when you can do 600 damage every game and no kills due to inconsistent bullet reference,76561198844581022,1774585356
steam,PUBG,positive,,great game but needs optimization,76561198064025720,1774584194
steam,PUBG,negative,,awful,76561198282584053,1774576612
steam,PUBG,positive,,cool game,76561198192461627,1774548081
steam,PUBG,negative,,Too much sweaty player it became unplayable. Bring back seasons where yall collab with alan walker,76561199161761703,1774543635
steam,PUBG,negative,,This game is TOTALLY unoptimized. In each and every maintenance update they have it becomes WORSE.,76561198428383323,1774535529
steam,PUBG,positive,,The best looting simulator folowed by running simulator there is.,76561198203858295,1774528878
steam,PUBG,positive,,fun to play this game. i hope you can add additional maps,76561199146735804,1774525339
steam,PUBG,positive,,Realistic and,76561198824598294,1774496695
steam,PUBG,positive,,Best BR in all gaming history.,76561198346476862,1774479414
steam,PUBG,negative,,"I only play this because my friends make me, i'd rather play helldivers 2 or something.",76561198061862484,1774462344
steam,PUBG,positive,,goog game,76561198969359902,1774458734
steam,PUBG,positive,,goood,76561198807218837,1774455679
steam,PUBG,negative,,BAD GAME!! 👎👎,76561199082740423,1774453175
steam,PUBG,positive,,im addicted again after a long time away XD,76561198050386477,1774435741
steam,PUBG,positive,,cancer,76561199226150773,1774433211
steam,PUBG,positive,,"W game, better than Counter Strike by far.
Valve get your ♥♥♥♥ together.
China Numba one",76561198185985066,1774403565
steam,PUBG,negative,,"Decent game, wouldn't recommend. Aside from the emotional damage that comes with playing PUBG it could be great if they put less focus on stuffing microtransactions in our faces and actually worked on fixing their cheating issue. Reporting a cheater only to find out he was suspended for a day is a total c*ck block.",76561198080280262,1774403425
steam,PUBG,positive,,fegdfzgdgdfg,76561198855670955,1774397720
steam,PUBG,positive,,Aura game.,76561198431199591,1774392822
steam,PUBG,positive,,make it work on linux,76561198327962403,1774391679
steam,Cyberpunk 2077,positive,,It is really cool and fun,76561199183842668,1775454077
steam,Cyberpunk 2077,positive,,"i like it very very much, i wish there were more hot men in it 
#i like men
#what???
#i love jimmy shinyfinger",76561199039730202,1775452393
steam,Cyberpunk 2077,positive,,Still a good time.,76561198354791367,1775451750
steam,Cyberpunk 2077,positive,,"A happy ending? Wrong city, wrong people.",76561198140729558,1775451749
steam,Cyberpunk 2077,positive,,story is neat and game is beautiful,76561199003585682,1775451715
steam,Cyberpunk 2077,positive,,panam,76561199483873312,1775450141
steam,Cyberpunk 2077,positive,,SOOO FUN!,76561199013527917,1775447197
steam,Cyberpunk 2077,positive,,"Depressingly addicting. Like once you finish it, it's hard to fill the void",76561199099612078,1775445574
steam,Cyberpunk 2077,positive,,love this game cant wait for the next one,76561199029362812,1775445551
steam,Cyberpunk 2077,positive,,"the stories is absolute peak, so is the gameplay.",76561198255595937,1775442963
steam,Cyberpunk 2077,positive,,"runs less buggy than rdr2 now
they cooked",76561199518146890,1775442887
steam,Cyberpunk 2077,positive,,"I just picked this up on sale recently complete with the DLC. I never played it when it came out due to reported issues with bugs and crashing.  However, I think it runs fairly well for the size it it, which is massive.  I think the cross-console save setting was causing some crashes for me.  I turned it off and Dogtown (DLC) ran much more consistently.  Mostly, it would crash when I went too fast in game hopping from one point to the other, observably when it auto-saves.  I have only done the side-quests and side-main quests so far. Level 60 since Hour 120, 200+ hours when writing this, and I am finishing up some of the last quests for the side quests.  I have most of the cars, the legendary gear I want, and my cyberware is maxed out to the perk build I went heavy in.  I am amazed at this game's RPG element being so customizable, but I hit the limit/end game with just doing side quests.  Everyone reading this must have already played it before I did. The music is amazing and original, yet familiar.  I started on keyboard, but I switched to controller and like it better.  I mapped a couple of macros for button combinations and I don't think I am missing out with the controller (8bitdo Pro 3). One of my favorites of all time, and I haven't started the main quest yet!  XD",76561198038144785,1775442187
steam,Cyberpunk 2077,positive,,"get yourself some chrome, choom.",76561199027030899,1775441744
steam,Cyberpunk 2077,positive,,johnny cooks,76561198290211584,1775440473
steam,Cyberpunk 2077,positive,,goated,76561199215221380,1775440108
steam,Cyberpunk 2077,positive,,Good.,76561198038208936,1775439299
steam,Cyberpunk 2077,positive,,Great game.,76561198839954399,1775438920
steam,Cyberpunk 2077,positive,,good and fun,76561198353841528,1775438801
steam,Cyberpunk 2077,positive,,bought ts twice. you already know its good just buy it,76561199100070274,1775438587
steam,Cyberpunk 2077,positive,,very good game! good graphics and story. but can be laggy and glitchy some times.,76561199580062050,1775436535
steam,Cyberpunk 2077,positive,,"Lived up to the hype and went way over, awesome story and amazing gameplay.",76561198842594805,1775436214
steam,Cyberpunk 2077,positive,,gotta be one of my favorites,76561199406030481,1775435408
steam,Cyberpunk 2077,positive,,Best game EVER,76561198149362850,1775433902
steam,Cyberpunk 2077,positive,,cool game,76561199809272668,1775433142
steam,Cyberpunk 2077,positive,,"I've beaten this game + DLC on Xbox multiple times, but now that I have a proper PC setup, I'm now replaying ♥ I have been playing since launch, with all if beautiful and horrible bugs. Oh, the days when cars weighed like nothing, and they'd go flying if you ran into them... good times. 

Anyway, this is probably one of my favorite triple-A titles. I got my husband into it, and a few friends as well. I just frickin' love this game. 

Judy can suck it with her toxic ass.
River is my boi. :)

Wish i could romance Takemura. ♥ 

CDPR knows what they're doing and knows how to build a world that is worth exploring.",76561198072393359,1775432033
steam,Cyberpunk 2077,positive,,"i picked this up shortly after release and managed a pretty rushed playthrough it did run well enough just mega unpolished lots of bugs and glitches, i then left it for a few years before starting a new playthrough and whilst i still find some bugs now and then its a major improvement and has allowed me to actually enjoy and appreciate the work that has been carried out to make this pretty damn good game. this is now close enough to the game that was promised all those years ago,",76561198122298998,1775431304
steam,Cyberpunk 2077,positive,,"This game is so buggy that even the character creator is broken

I heard that the game had some bugs but I wasn’t expecting them to hurt my experience so quickly. I was making my character and I got to the genitals option and gave my character a penis. I scrolled through the size option and noticed a game breaking bug. The labels are wrong for the penises. I gave my character what was labeled as “small penis” and was surprised to find that it was way bigger than my real penis. This is a serious game breaking bug and CD Project Red needs to make fixing this issue it’s number one priority.",76561198173971539,1775430940
steam,Cyberpunk 2077,positive,,"It's hard for me to type out a full not-missing-anything-i-want-to-say review to this game, because it holds a special place in my heart.

First off, I started to play Cyberpunk AFTER all the QoL and performance patches came out, so I never really had any issues whatsoever.

The game was there, when I was in my lowest point, it quickly became my comfort game, for anytime I felt really down. The world was just alive and it felt like every single corner had something for me to explore. You can boil it down to ""it's GTA, but 1st person and in a cyberpunk setting"" and you wouldn't really be wrong, but it's much more to me.

The DLC is also good, had my only real bug there where I couldn't move on with a main story mission with my first character so I had to create another one to do it (which I wanted to do anyway, so I don't care as much). Give it a try if you like open world games in a grungy setting.",76561198066766974,1775429298
steam,Cyberpunk 2077,negative,,"I've heard great things about the game. Wanted to like it. Put in the time, thought that it would get better, but no.  
Everything's somewhat floaty. Guns don't feel like they have predictable patterns, moving feels like you're 300 pounds.  
The driving is painful, the cars are not responsive at all and all of them are slow. 150 kph does not feel like 150kph as well.  
The storyline is a lot of dialogue that failed to grab me. Can't skip all of it.  

It released in 2020. Yet controls/combat feel worse than games released in the 90's. 


Overall? 5/10. Can't even push myself to finish it.",76561197995307666,1775428668
steam,Cyberpunk 2077,positive,,Modern Masterpiece 8.5/10,76561198970106369,1775428069
steam,Cyberpunk 2077,positive,,"Work of art through and through, impecable.",76561198102922309,1775422904
steam,Cyberpunk 2077,positive,,You're breathtaking!,76561199146103866,1775422626
steam,Cyberpunk 2077,positive,,"amazing game, just dont miss the iconic weapons",76561199863779954,1775422252
steam,Cyberpunk 2077,positive,,"Solid game, but mods definitely require more tweaking in your graphics settings",76561198241130014,1775421479
steam,Cyberpunk 2077,positive,,"To put it simply: Masterpiece!
I started playing long after buggy first versions and I couldn't be happier.
If you love single player games with potentially 1000h to find absolutely everything this game is for you.",76561198050029507,1775420870
steam,Cyberpunk 2077,positive,,BOOM BOOM Arasaka,76561199146892333,1775420609
steam,Cyberpunk 2077,positive,,"Very fun. I just ""finished"" the game (basic ending). I might go for the other endings later.",76561199818310243,1775420146
steam,Cyberpunk 2077,positive,,Hot semi immortal gay man that you can romance. What more could a guy ask for,76561198975171757,1775418772
steam,Cyberpunk 2077,positive,,Awesome game. Play it. Thats it.,76561199017242344,1775418488
steam,Cyberpunk 2077,positive,,amazing story and universe,76561198436473500,1775417133
steam,Cyberpunk 2077,positive,,"Great coming back to this game years after release.  It's aged well.  Still enough variety for good replay value, and after all the patches and the expansion the polish is really there.

It should be on everyone's list to play if you like the world setting & action RPG genre.",76561198071670664,1775416927
steam,Cyberpunk 2077,positive,,"No lo jugé cuando salió así que me libré de aquel desastre.

Ahora mismo es un juego tremendo, de los mejores RPGs de los últimos tiempos. Vale la pena jugarlo si aún no lo has hecho.",76561198110797991,1775415351
steam,Cyberpunk 2077,positive,,"great story, world building, and graphics",76561199590820307,1775415237
steam,Cyberpunk 2077,positive,,this game is pretty peak and rip jackie wells,76561198051192587,1775414420
steam,Cyberpunk 2077,positive,,"absolute masterpiece, wish they followed through with multiplayer development",76561199106834458,1775412370
steam,Cyberpunk 2077,positive,,"A masterpiece. The storytelling is phenomenal. The characters are distinct and memorable. Movement and combat are fluid and engaging. Character customization options are significant, allowing for different specs to be equally fun to play. The graphics are excellent. Night City and the surrounding areas are detailed and immersive. Choices have consequences. Finally, lots of vehicles and clothing options to buy and discover. A truly remarkable creation.",76561197960688488,1775412095
steam,Cyberpunk 2077,positive,,"classic open world formula, decently well executed, in a cyberpunk setting.  very enjoyable",76561198015333737,1775411538
steam,Cyberpunk 2077,positive,,its an amazing game. ignore the gooners. or buy it to goon just dont be posting about it,76561199823867996,1775410912
steam,Cyberpunk 2077,positive,,i like frying brains heh,76561199783922876,1775410441
steam,Cyberpunk 2077,positive,,"Finally after 5 years, it's been optimised enough for my pc to play it on medium graphics",76561199552116479,1775409603
steam,Cyberpunk 2077,positive,,Absolutely love this game and story,76561198139370306,1775409315
steam,Cyberpunk 2077,positive,,good.,76561198832666520,1775409090
steam,Cyberpunk 2077,positive,,its just peak,76561199784982704,1775408730
steam,Cyberpunk 2077,positive,,getting on discount this game is easily worth.,76561199134124942,1775408233
steam,Cyberpunk 2077,positive,,peak fr,76561198830352439,1775408149
steam,Cyberpunk 2077,positive,,Better than GTA,76561198997501565,1775408116
steam,Cyberpunk 2077,positive,,Alot of wommen that wanna do you bad will say very HARAM!!!!!!!!!!,76561198838398306,1775407367
steam,Cyberpunk 2077,positive,,i like it cause you can lose yourself,76561199273673975,1775405548
steam,Cyberpunk 2077,positive,,watched it on youtube for much longer. Rich story.,76561198005192424,1775400836
steam,Cyberpunk 2077,negative,,"Overall a great game, BUT
after the update that was supposed to integrate FSR4 without the need for tools like optiscaler the game completely broke. If the fsr4 is enabled it crashes on boot, if fsr3 is enabled the graphics are all broken. I tried reinstalling it, searching on reddit, tweaking my graphics card settings but nothing has worked so far. And its been almost 8 months since the update. I regularly check if either the devs updated the game to fix it or AMD drivers got fixed but nothing so far. Also worth mentioning that even before the update my game regularly crashed after arund 30-40 mins of playing. Really a shame as i really like the game itself",76561199069228071,1775400045
steam,Cyberpunk 2077,positive,,I cannot get over Panam,76561198305085402,1775399511
steam,Cyberpunk 2077,positive,,truly one of the best games ive ever played i just am too autistic to complete it,76561199344852979,1775397532
steam,Cyberpunk 2077,positive,,"Best Game of all time, in all of Human History.",76561198023491291,1775396677
steam,Cyberpunk 2077,positive,,"First played on the PS5 , loved it so much I bought it on PC too. The story is incredible and very meaningful. The best part of this game is just how immersive it is. Night City just feels so real. One of the best games ever made and my personal favourite of all time. 100/10",76561199100712561,1775396453
steam,Cyberpunk 2077,positive,,Still refusing to Meet Hanako at Embers,76561198003023182,1775396199
steam,Cyberpunk 2077,positive,,gerat game and story,76561199500245303,1775395812
steam,Cyberpunk 2077,positive,,The only game I REALLY didn't want to finish. It's that good.,76561198015304794,1775395725
steam,Cyberpunk 2077,positive,,ITS FUN AND THE FREEDOM IS GREAT,76561199447476928,1775395228
steam,Cyberpunk 2077,positive,,"Cyberpunk 2077 is what happens when you mix depression, chrome, capitalism, and vibes — then somehow make it one of the hardest-hitting RPGs ever made.

Ok lets start with good things, cool map, cool combat, good story and cyberware. now bad things, goofy ahh hairstyles, unbalanced ♥♥♥♥♥♥♥ bosses (by that i mean Oda), and idk. 

I dont regret ruining my sleep schedule for this masterpiece

overall i enjoyed this game, it was chaotic depressing fun and emotionally unstable, really recommend

Jackie goated.",76561198764726482,1775393718
steam,Cyberpunk 2077,positive,,"Absolute masterpiece, Panam Palmer.... I love you.",76561199552590598,1775393090
steam,Cyberpunk 2077,positive,,Played this game for couple months and it is the best thing that happend to me. From the story to the graphics to characters. This game changed my looks on the world even,76561199221726031,1775392941
steam,Cyberpunk 2077,positive,,Fantastic game that you can keep coming back to over and over!,76561198367210697,1775392817
steam,Cyberpunk 2077,positive,,"64 hours in and it just keeps going. Beautiful game, rich with story, missions, and character customization's.",76561197962995985,1775392438
steam,Cyberpunk 2077,positive,,is good,76561198167160629,1775391956
steam,Cyberpunk 2077,positive,,this gaME IS LITERALLY TOP NOTCH,76561199810180332,1775391467
steam,Cyberpunk 2077,positive,,best game ever,76561199060425946,1775387916
steam,Cyberpunk 2077,positive,,great graphics like tech demo but fps game dynamics does not feels like playing legacy fps games like CoD or BF.,76561198025524684,1775387028
steam,Cyberpunk 2077,positive,,"i loved cyberpunk2077 i played it on both pc/ps5 and i got it like a month or so after watching edgerunners like many others, on ps5 i 100% the game and need to do like 4 more trophies for the DLC (3 of which are endings) and then i 100%ed both the base game and DLC and i loved the game so much, for me personnly, 10/10",76561199805657093,1775384351
steam,Cyberpunk 2077,positive,,"Rough launch but stuck the landing somewhat 
Still a few bugs here and there but nothing game breaking or annoying in my opinion

The story is good and made me think quite a bit. Theres a lot of side quests and other content which directly influence the main thing. Therefore, at the start i was struggling to keep up with all the characters and story.

I love the player freedom in this game; being able to choose to talk, kill or simply ignore people and it having some sort of consequence/effect to varying degrees. Good compromise between game and reality in my opinion.

Since ive been playing on steam deck desktop mode plugged into a monitor, i obviously havent had the best quality and performance but ive seen its one of the best looking games out there and i honestly have no idea how graphics could even get better at this point.

The DLC however is much better than the main game, mostly story-wise. Dogtown suffers in performance tho and sometimes is a pain in the ass to navigate.

Overall 8/10",76561199143752266,1775383477
steam,Cyberpunk 2077,positive,,Good Game,76561198268815592,1775380720
steam,Cyberpunk 2077,positive,,I played the disaster release of 2020. Now it is one of the best games I've ever played and is a must have for any gamers roster.,76561199465713172,1775379895
steam,Cyberpunk 2077,positive,,"Good Game, But too many dialogues.",76561198290314039,1775379235
steam,Cyberpunk 2077,positive,,absolute peak,76561199887358803,1775378564
steam,Cyberpunk 2077,positive,,"some of the most fun ive had with a game in recent memory, ESPECIALLY after watching edgerunners (its peak watch it) probably giving fallout a try after, big fan of this style of game",76561198960385845,1775376487
steam,Cyberpunk 2077,positive,,"A really realistic and great game, good story and experience.",76561199803003307,1775374926
steam,Cyberpunk 2077,positive,,Das ist good ja,76561199782055184,1775373748
steam,Cyberpunk 2077,positive,,the most sickening game i've ever played i cried so ♥♥♥♥♥♥♥ hard. play this game if you wanna know what it feels like to get stabbed 4000 times while also having the best time of your life.,76561199087246211,1775373039
steam,Cyberpunk 2077,positive,,cybr punk rocks,76561198373823933,1775372824
steam,Cyberpunk 2077,positive,,"Tried playing this again for the first time in over two years. Couldn't recall why I hadn't played more than the first couple of story beats. Figured it was probably due to a mix of busy with work and busy playing other games.

So I go on Nexus, setup a collection of mods, and proceed to get into the game. Or so I thought. Right after the first conversation with Jackie, I realized what the stumbling block was that prompted me to spend time on other games. When not in a vehicle, you're stuck in first person. No options for Third Person. So I grit my teeth and go search for a mod that provides Third Person view, should be something out there yea?> ... Well, there is. Kind of. There's a set of mods on Nexus that do exactly that. Both buggy as all hell. Animations don't play right, sometimes crash to desktop, often character will be bald when first loading into a scene or room, as the game isn't accustomed to having to load your hair, the list goes on. And you DO need both of those mods. One provides the ... ""Framework"" we'll call it, for having Third Person, the other tries to fix the various animation issues created by playing a game meant to be only in First Person - in Third Person. I don't blame those modders though for not gift wrapping me a perfect fix for this. They're creating that stuff on their own time, and presumably doing the best they can. But it's been over 5 years. CDPR could certainly have corrected this failing.

And hey, it's ok if you don't see it as a failing. You can choose to be wrong and disagree with me on this. No hurt feelings. Cept for the fact that players accepting this kind of nonsense just means more of it is likely down the line.

There in lies the problem. It's an RPG, I do not get the all encompasses desire some jackals have for First Person. It works for shooters though. I guess. For some people. But more than that, I detest game devs that eliminate choice for players. Being able to choose my own keybinds is important, but being able to toggle between First Person & Third Person should be a given. Being able to pan out away from my character, should be a given. It certainly is in many RPG games over the years. For Cyberpunk I don't know if this was a hardline choice from the folks at CDPR to force players to experience their game a certain way, or just ineptitude. 

CDPR does a lot of great stuff, and props to them for dragging this game out of the buggy mess that it was at release. But refusal to implement a Third Person option in their RPG turns what might otherwise be enjoyable hours of gaming into a sloppy mess I'd rather not waste time with.

So, great game, yadda yadda, and I do recommend it, with the caveat that you should avoid it if you don't enjoy first person perspective. For $60, gamers deserve better.

[Edit]

Soon as I post my review, the games trailer starts playing, and I'm struck by the ironic idiocy that they show ""Your"" character's face, in trailers, in game you actually design your look. Why? You won't be showing up in any mirrors. In fact if you pick up a body to move it, and walk past a reflective surface, the dead body will be floating as you don't have a proper model cause why would you need one? No need to display you in mirrors etc. BUT you took the time to give your character a face at creation. Perhaps you get to glimpse yourself in cut scenes or when you get in/out of a vehicle, who cares? That's a fraction of the time you play and honestly if I'm not pausing to look at a my character I certainly don't care what the plethora of NPCs think about it. I'd say well played CDPR, but that'd just be silly.",76561197999690401,1775372123
steam,Cyberpunk 2077,positive,,very fun,76561199685872112,1775371704
steam,Cyberpunk 2077,positive,,"Does life imitate art, or does art imitate life? I think the world is already headed there...",76561198045883072,1775370574
steam,Apex Legends,positive,,old but still gold...,76561198016737940,1775295614
steam,Apex Legends,positive,,njjnn,76561199214059763,1774824803
steam,Apex Legends,negative,,"jesus christ, let this game die already. too repetitive, no originality, and it takes constant months of grinding to get the [i]POTENTIAL[/i] for something unique that only ends up being a cosmetic anyway [i]in a game where you're never up close with another player.[i/]

kill it now and let titanfall 3 have some real potential.",76561198113166406,1773196241
steam,Apex Legends,positive,,A Classic!,76561198067541719,1771999858
steam,Apex Legends,negative,,"As much as they charge you for cosmetics you'd think they could at least crack down on SOME cheaters, but no. 7 years of sitting around doing the bare minimum.",76561199344652205,1771611928
steam,Apex Legends,negative,,almost 3k hours on this account. havent played in months..its lame and gay now..thanks jeffery epstien,76561199274075731,1770774274
steam,Apex Legends,negative,,"End this game
Make Titanfall 3",76561198175558228,1769438595
steam,Apex Legends,negative,,"Apex Legends used to be an incredible game—especially around 2020 and the years that followed. The movement, the gunplay, the characters, the pacing… it all came together in a way that made it one of the most exciting battle royales out there. It was even the game that kicked off my streaming journey, so I’ll always have a soft spot for it.

But somewhere along the way, the magic faded. Instead of focusing on long‑standing bugs or quality‑of‑life fixes, the developers kept pumping out new content, reworking characters that didn’t need to be touched, and releasing new legends that felt overpowered right out of the gate. The balance issues piled up, and the game slowly shifted from fun and competitive to sweaty and exhausting.

These days, the lobbies feel dominated by players who treat every match like a tournament, and that casual, chaotic fun the game used to have just isn’t there anymore. The core of what made Apex special is buried under layers of imbalance and design choices that never quite landed.

I’ll always appreciate what the game meant to me, but it doesn’t feel the same—and at this point, it probably never will.",76561199090570066,1767059257
steam,Apex Legends,positive,,Getting better,76561199106880146,1766399671
steam,Apex Legends,negative,,Gud gam. Too bad it's now owned by Saudi oil barons and Jared Kuschner.,76561197996471328,1764481388
steam,Apex Legends,negative,,"used to be good, garbage now. they should have just made Titanfall 3.",76561199195690701,1760294876
steam,Apex Legends,negative,,"Rank changes suck. You don't get to choose where you start on the map any more, its even MORE rng BS if you get the best loot spot on the map or you get a middle of no where start with 4 buildings to loot between three people. Kill participation means nothing now so KILLS IN A BATTLE ROYAL DON'T HELP YOU IN RANKING UP. If you do find a team it turns into a chase sim or a running sim depending on if you are up against the team who plays 8 hours a day. I want to shoot in my shooting game not play parkour cat and mouse. Its another season of the rat (season 17) so if you want masters just hide till top five teams you don't need to show any gun play skill.

TLDR: Stop making normal players use this half baked ALCS format in ranked. We aren't pro players and shouldn't have to play like them. This only started since pro teams had an unspoken agreement to starting areas on the map when the drop ship was still a thing in pro play.",76561198025936960,1758940015
steam,Apex Legends,positive,,jhhhghhhhhhhhhhh i hate reviews vsv rfvg zdsrfg        z               z z z z z z z z z z z z z z z z z z z z,76561198973757561,1757550668
steam,Apex Legends,positive,,bro im active,76561199171589202,1757269274
steam,Apex Legends,negative,,titan fall 3,76561199230243236,1757255692
steam,Apex Legends,negative,,the game constantly crashes I can barely get through a match without the game crashing,76561198962258517,1757124345
steam,Apex Legends,positive,,"Great game, pretty sweaty though",76561198002524497,1756606600
steam,Apex Legends,negative,,There should be a private world whee only bots comes as enemy so that we can kill them easily and complete battle pass. Matches with players became very hard .,76561199103013750,1755715282
steam,Apex Legends,positive,,I want to kill myself every time i play the game,76561198353261052,1755026171
steam,Apex Legends,positive,,My wee wee goes BOING BOING BOING,76561199003299385,1754605591
steam,Apex Legends,positive,,this game sucks and i love it,76561199029346541,1752688287
steam,Apex Legends,positive,,"Just like me, this game is gay, but I love being gay",76561198011053722,1752419657
steam,Apex Legends,positive,,Good ♥♥♥♥!,76561198307451138,1751979827
steam,Apex Legends,negative,,Never in my life will I play a game where I say oh my god we got thirded and then the next game say quick lets go third that. This game brings out a sort of primal rage in me I didnt quite realise I had. I will still continue to play though for those few and far in between dopamine hits,76561199014189464,1751509497
steam,Apex Legends,positive,,Best gunfeel across any FPS I have touched.,76561198109445483,1751223704
steam,Apex Legends,positive,,This game is super fun and really good for anyone looking to have a good time. It has soooo many characters that can all be unlocked for free and it has many things for F2P players to have fun.,76561199229096487,1751067913
steam,Apex Legends,negative,,"Supposed anti-cheat software forbids me from launching the game simply because I use Corsair iCue to control the pretty lights in my PC.

Used to enjoy messing around with my friends but now can't even open the game without being accused of cheating.",76561198052764061,1750608455
steam,Apex Legends,negative,,"trash Ballistic, I don't know how to beat him when he use his Q. and Ash just dash dash dash then use that freaking disgusting Devotion. By the way, If you want play solo on rank. just give up, Your teammate always acts they're an idiot and don't even know how to play the game. But the most important thing is, even though they suck, they still want to show off their aim",76561198817528533,1750079108
steam,Apex Legends,positive,,Noder good game,76561198062219395,1749134139
steam,Apex Legends,positive,,I love wasting money (im homeless),76561199251249922,1743304558
steam,Apex Legends,positive,,i hate it,76561198089545783,1741472854
steam,Apex Legends,negative,,this game sucks they need to fix most of everything,76561198959783023,1741454792
steam,Apex Legends,positive,,"why is Ash still alive, im sure Cooper turned her Into Ash",76561199127560842,1741378697
steam,Apex Legends,positive,,fun game but can be annoying like any other br,76561198880112029,1740947207
steam,Apex Legends,negative,,no helmets sucks like why???? the game is too brain dead now with the new changes. skill based teams makes no sense. over all worst season of all time.,76561199258908924,1740277144
steam,Apex Legends,positive,,The game is great,76561198086079977,1740100099
steam,Apex Legends,negative,,">Plays Apex
>Stops playing for months
>Logs back in to a message saying I've been banned permanently
>Goes to appeal
>EA upholds the ban even though I LITERALLY didn't do anything",76561198364244518,1739549121
steam,Apex Legends,negative,,I love a lot of what Apex Legends has to offer. The gun play is one of the best in any game I have ever played and the charachters are very fun. However I can’t recommend the game strictly on the monetization. For example before this new season (24) there were leaked mini battle passes for all of the new legends that would add a ton of progression that was desperately needed. It would have given the players something worth playing for. But what does EA do? Make you pay 10$ for each one. This isn’t even mentioning the collection events that cost 300+ dollars to complete. They also just added a new mobile game pay system that makes you pay to unlock something cheap and then to unlock something free. All the skins are also egregiously overpriced in general. It’s all there to just make you spend as much money as possible it’s trash. They don’t really care about the players they care about the money that’s it. The balance changes are often mediocre and  don’t always fix all the problems they should. EA is lucky the foundation of this game is as good as it is otherwise people wouldn’t put up with the gross monetization. If your a new player that know you won’t buy anything then maybe give it a try. Otherwise steer clear it’s not worth your time until EA gets it together and starts to care more about the player base.(which will never happen),76561198306963721,1739335552
steam,Apex Legends,negative,,Four words. Engagement Optimized Match Making. Don't play this game.,76561197999689731,1736109195
steam,Apex Legends,positive,,very much an amazing game i hope it last for a long time and the develpors dont give into greed,76561199086343118,1734282747
steam,Apex Legends,negative,,solo queuing is absolutely painful and makes me want to suck off a 9mm,76561199139864904,1734077855
steam,Apex Legends,positive,,"Overwatch is finally dead :)

10/10",76561199375916971,1733454624
steam,Apex Legends,positive,,great,76561198393536423,1732910975
steam,Apex Legends,negative,,GAYPEX LEGENDS,76561199154578778,1731639079
steam,Apex Legends,positive,,Skill issue,76561199075435930,1731441051
steam,Apex Legends,positive,,nice headache gamesss,76561198349192231,1731010269
steam,Apex Legends,positive,,"Honestly a great time. I love hitting this game up with my friends. New modes are good fun to keep things fresh. Cheaters are a problem, and they need to do more against that, but it's no less than other games as I see it. Would and do recommend.",76561197972336675,1730967651
steam,Apex Legends,negative,,its alright i guess.,76561198820956269,1729391694
steam,Apex Legends,positive,,less lesbians plz,76561199089728902,1728357188
